firstname,lastname,email,company,office,address,number
Patricia,Garrett,pgarrett0@wordpress.org,,Le Blanc-Mesnil,,5145550000
Jessica,Perry,jperry1@hibu.com,,Bridgetown,,5145550001
Mary,Simpson,msimpson2@columbia.edu,,Shuangfeng,,5145550002
Debra,Hansen,dhansen3@sphinn.com,,Kobylin,,5145550003
Daniel,Elliott,delliott4@craigslist.org,Edgeblab,IJmuiden,,5145550004
Marilyn,Kelly,mkelly5@so-net.ne.jp,,Sukorejo,,5145550005
Timothy,Burke,tburke6@bbb.org,Skiptube,Hexi,,5145550006
Paul,Kelly,pkelly7@auda.org.au,,Severnyy,,5145550007
Todd,Lewis,tlewis8@wikimedia.org,Midel,Turbo,,5145550008
Adam,Carroll,acarroll9@accuweather.com,,Banī Mazār,,5145550009
Irene,Foster,ifostera@berkeley.edu,Babbleset,Juxing,,5145550010
Nicole,Murray,,Fivebridge,Twardawa,,5145550011
Daniel,Wright,dwrightc@prnewswire.com,,Charras,,5145550012
Pamela,Dean,pdeand@prweb.com,Realbridge,Postřelmov,,5145550013
Steve,Spencer,sspencere@elegantthemes.com,,Mugi,,5145550014
Amy,Stephens,astephensf@forbes.com,,Zaandam,66464 Derek Place,5145550015
Sara,Castillo,scastillog@sciencedirect.com,,Kiambu,,5145550016
Sharon,Cole,scoleh@free.fr,,Donostia-San Sebastian,7680 Warner Center,5145550017
Sara,Black,sblacki@pagesperso-orange.fr,Babbleopia,København,,5145550018
Lisa,Hernandez,,,High Prairie,,5145550019
Emily,Robertson,erobertsonk@sciencedirect.com,Avaveo,Al Minyā,07160 Killdeer Place,5145550020
Antonio,Reynolds,areynoldsl@nydailynews.com,,Kostarea Satu,,5145550021
Evelyn,Gray,egraym@tumblr.com,,Echarate,,5145550022
Ronald,Wilson,rwilsonn@gnu.org,Babbleblab,Dawang,,5145550023
Johnny,Cruz,jcruzo@nih.gov,Thoughtblab,Fontainhas,,5145550024
Diane,Hart,dhartp@google.com.au,Skimia,Laifang,,5145550025
Carlos,Young,,,Wuyang,,5145550026
Paul,Ramos,pramosr@latimes.com,,Yŏnmu,,5145550027
Jesse,Harrison,jharrisons@businessweek.com,,Aucayacu,,5145550028
Norma,Bishop,nbishopt@moonfruit.com,,Zongjia,,5145550029
Debra,Green,dgreenu@hugedomains.com,,Xifengshan,,5145550030
Steve,Garrett,,Katz,Dongning,,5145550031
Sara,Barnes,sbarnesw@bloomberg.com,Rhycero,El Soberbio,,5145550032
Debra,Bell,dbellx@usatoday.com,,Nagutskoye,,5145550033
Bobby,Hansen,bhanseny@nih.gov,,Panagyurishte,,5145550034
Cynthia,Marshall,cmarshallz@symantec.com,Gabcube,Kalibunder,,5145550035
Kenneth,Hill,,Brightbean,Francisco Beltrão,,5145550036
Keith,Morris,kmorris11@diigo.com,,Chatou,,5145550037
Peter,Fisher,pfisher12@instagram.com,Zoomcast,Venda do Valador,,5145550038
Ernest,Holmes,,,Hanggan,,5145550039
Elizabeth,Morris,emorris14@quantcast.com,,Bherāmāra,,5145550040
Steve,Myers,smyers15@wikispaces.com,,Wosai,,5145550041
Roy,Long,rlong16@people.com.cn,Gigazoom,Pasar,,5145550042
Susan,Kennedy,skennedy17@nbcnews.com,Jabberstorm,Kaminokawa,,5145550043
Wanda,Armstrong,warmstrong18@yolasite.com,Flipbug,Colombo,,5145550044
Cheryl,Stone,cstone19@nyu.edu,,Santa Fe,,5145550045
Marilyn,Johnson,mjohnson1a@addtoany.com,,Insiza,,5145550046
Janice,Kelly,jkelly1b@cyberchimps.com,Aimbu,Curridabat,,5145550047
Louis,Garrett,,,Verdizela,,5145550048
Alice,Collins,acollins1d@booking.com,Gabtune,Penamacor,,5145550049
Roger,Lewis,rlewis1e@adobe.com,,Anjia,,5145550050
Lisa,Morgan,,Meezzy,Pereleshino,,5145550051
Norma,Hunt,nhunt1g@washington.edu,,Zhufo,,5145550052
Jeremy,Stewart,jstewart1h@cmu.edu,,Loum,,5145550053
Johnny,Freeman,jfreeman1i@seesaa.net,,Calancuasan Norte,,5145550054
Timothy,Frazier,,,Ágios Stéfanos,07396 Briar Crest Court,5145550055
Benjamin,Murray,,,Kaynardzha,,5145550056
Jennifer,Phillips,jphillips1l@bbc.co.uk,,Karangbalong,,5145550057
Terry,Stephens,tstephens1m@redcross.org,,Mosteiró,,5145550058
Sarah,Kelley,skelley1n@constantcontact.com,,Cilongkrang,,5145550059
Betty,Ellis,,,Pécs,,5145550060
Jack,Reed,,Divape,Sekongkang Bawah,,5145550061
Bruce,Simmons,bsimmons1q@eepurl.com,Vidoo,Buenavista,,5145550062
Virginia,Wright,vwright1r@geocities.jp,,Pershotravneve,9 Garrison Plaza,5145550063
Mark,Black,mblack1s@go.com,Dynabox,Linëvo,,5145550064
Irene,Gonzales,igonzales1t@theglobeandmail.com,,Yanai,,5145550065
Sean,Cole,scole1u@pbs.org,,Lavrica,69772 Monument Parkway,5145550066
Douglas,Garrett,dgarrett1v@cocolog-nifty.com,,Metallostroy,,5145550067
Howard,Lane,hlane1w@blinklist.com,Eare,Jawatiwa,,5145550068
Paul,Carr,pcarr1x@hp.com,Dabshots,Nyurba,,5145550069
Teresa,Garza,,,Bishkek,,5145550070
Christine,Powell,cpowell1z@marketwatch.com,,Caen,,5145550071
Donna,Brown,dbrown20@comsenz.com,,Huaping,,5145550072
Gregory,Robinson,grobinson21@woothemes.com,,Le Grand-Quevilly,,5145550073
Dennis,Russell,drussell22@irs.gov,,Ehen Hudag,,5145550074
Sandra,Robertson,srobertson23@tumblr.com,,Shuicha,77 Butterfield Road,5145550075
Dorothy,Tucker,dtucker24@google.es,,Repelón,2821 Novick Plaza,5145550076
Theresa,Perkins,tperkins25@ustream.tv,,Philadelphia,5959 Laurel Terrace,5145550077
Kevin,Harvey,kharvey26@soup.io,Chatterpoint,Keda,,5145550078
Jane,Little,jlittle27@cocolog-nifty.com,,Az Zaytūnīyah,,5145550079
Ruth,Austin,raustin28@mail.ru,,Huurch,,5145550080
Jack,Medina,jmedina29@123-reg.co.uk,Skilith,Xianbao,,5145550081
Lori,Taylor,ltaylor2a@posterous.com,Vinder,Songkan,,5145550082
Louis,Howell,lhowell2b@g.co,,Hor,,5145550083
Brandon,Snyder,,,Nusajaya,,5145550084
Sean,Reid,,,Mococa,,5145550085
Lori,Watkins,lwatkins2e@delicious.com,,Menghe,,5145550086
Denise,Fowler,dfowler2f@de.vu,,Bizana,,5145550087
Michael,Burton,mburton2g@nymag.com,Yabox,Saubara,,5145550088
Maria,Jacobs,mjacobs2h@home.pl,,San Jose,,5145550089
Barbara,Wells,bwells2i@ovh.net,,La Libertad,,5145550090
Bobby,Franklin,bfranklin2j@apache.org,,Qindu,,5145550091
Shirley,Gomez,sgomez2k@nature.com,Fadeo,Bilopillya,,5145550092
Howard,Phillips,hphillips2l@psu.edu,,Barreiros,,5145550093
Ruby,Gray,rgray2m@nasa.gov,Wikibox,Châteauroux,,5145550094
Paul,Garza,pgarza2n@livejournal.com,,Baleagung,,5145550095
Lawrence,Davis,ldavis2o@seattletimes.com,,Dhī as Sufāl,,5145550096
Billy,Mitchell,bmitchell2p@4shared.com,Cogidoo,Niandou,,5145550097
Ernest,Lawrence,elawrence2q@cdbaby.com,,Wulan,,5145550098
Ronald,Fields,rfields2r@huffingtonpost.com,,Kerrouchen,,5145550099
Terry,Wright,twright2s@usgs.gov,,Shangtang,,5145550100
Angela,Brown,abrown2t@engadget.com,Tagpad,Barra do Corda,,5145550101
Scott,Romero,sromero2u@usa.gov,,Ageoshimo,,5145550102
Jennifer,Webb,jwebb2v@paginegialle.it,,Lashkar Gāh,,5145550103
Sandra,Harrison,sharrison2w@people.com.cn,Babbleopia,Fasito‘outa,,5145550104
Beverly,Thompson,bthompson2x@studiopress.com,,Norrköping,,5145550105
Harry,Vasquez,,Rhyzio,Okunoya,,5145550106
Marie,Kennedy,mkennedy2z@t-online.de,Quinu,Lhokkruet,,5145550107
Terry,Reed,treed30@bravesites.com,,Butwāl,,5145550108
Lillian,Wagner,lwagner31@redcross.org,Livetube,Mekarjaya Satu,,5145550109
Brenda,Perry,bperry32@imdb.com,,Labège,,5145550110
Ronald,Ruiz,rruiz33@biblegateway.com,Voonyx,Isugod,,5145550111
Dennis,Armstrong,darmstrong34@vinaora.com,,Xiaolou,,5145550112
Julie,Ramirez,jramirez35@techcrunch.com,,Arthur’s Town,,5145550113
Ashley,Stevens,astevens36@naver.com,,Prażmów,,5145550114
Timothy,Webb,twebb37@xrea.com,,Mandalgovi,,5145550115
Chris,Peters,cpeters38@omniture.com,Muxo,Laau,,5145550116
Johnny,Adams,jadams39@dell.com,,Saint-Maurice,,5145550117
Pamela,Reyes,preyes3a@mashable.com,,Sukadana,,5145550118
Amanda,Mcdonald,amcdonald3b@edublogs.org,Quinu,Xiantang,,5145550119
Robin,Burke,rburke3c@google.de,,Obo,,5145550120
Doris,Carr,dcarr3d@last.fm,,Gorelovo,,5145550121
Robert,Henderson,rhenderson3e@deliciousdays.com,,Novovolyns’k,,5145550122
Terry,Foster,tfoster3f@g.co,,Al Ḩarāk,,5145550123
Joan,Carroll,jcarroll3g@eepurl.com,,Farriar,05951 Manufacturers Terrace,5145550124
Jesse,Russell,jrussell3h@hexun.com,Dynava,Cincinnati,,5145550125
Jessica,Wright,jwright3i@mapquest.com,Meembee,Dashkawka,,5145550126
Marilyn,Grant,mgrant3j@oaic.gov.au,Fivespan,Jobabo,,5145550127
Mary,Burns,mburns3k@storify.com,Kazio,Ouani,,5145550128
Ashley,Stephens,astephens3l@yellowpages.com,,Zengguang,,5145550129
Alan,Collins,acollins3m@pinterest.com,,Villeneuve-d'Ascq,,5145550130
Patricia,Adams,padams3n@tripadvisor.com,,San Jose,,5145550131
Michelle,Nguyen,mnguyen3o@psu.edu,,Sukarama,,5145550132
Christine,Evans,cevans3p@apache.org,,Phoenix,,5145550133
Joshua,Schmidt,jschmidt3q@networksolutions.com,Yakitri,Ciudad Nueva,,5145550134
Debra,Bradley,dbradley3r@google.co.uk,,Rosignol,0273 Paget Lane,5145550135
Cynthia,Perry,cperry3s@independent.co.uk,,Ōnojō,20 Knutson Junction,5145550136
Russell,Perez,rperez3t@jiathis.com,Realblab,Shirbīn,6 Waywood Avenue,5145550137
Rebecca,Fernandez,rfernandez3u@mapquest.com,Zoovu,Seixo de Manhoses,,5145550138
Thomas,Burns,,,Houmen,,5145550139
Roy,Carroll,rcarroll3w@squidoo.com,,San Jacinto,,5145550140
Arthur,Arnold,aarnold3x@1688.com,Realcube,Merefa,,5145550141
Tina,Murphy,tmurphy3y@go.com,Feedmix,Itaberaba,,5145550142
Marie,Mcdonald,mmcdonald3z@abc.net.au,,Vrakháti,,5145550143
Lawrence,Owens,lowens40@icio.us,Mybuzz,Layog,,5145550144
Tammy,Rose,trose41@skype.com,Flipstorm,Daiyue,,5145550145
Thomas,Bell,tbell42@qq.com,Rhynoodle,Sousse,,5145550146
Earl,Kelley,,Oyope,Banovo Polje,4 Forster Avenue,5145550147
Eugene,Austin,eaustin44@canalblog.com,Zooveo,Huipinggeng,,5145550148
Jessica,Elliott,jelliott45@infoseek.co.jp,Lajo,Banggel,,5145550149
Bobby,Carpenter,bcarpenter46@un.org,,Rennes,,5145550150
David,Willis,dwillis47@unc.edu,Riffpedia,Huwan,,5145550151
Martha,Barnes,,,Longgang,,5145550152
Norma,Rice,nrice49@fema.gov,Feedspan,Timmins,,5145550153
Joshua,Ryan,jryan4a@webnode.com,,Araraquara,,5145550154
Katherine,Harris,kharris4b@gmpg.org,,Karmah an Nuzul,,5145550155
Terry,Grant,,Skaboo,Laojiangjunjie,,5145550156
Sandra,Campbell,,,Zákupy,,5145550157
Albert,Edwards,aedwards4e@google.cn,,Qilin,,5145550158
Janet,Watkins,jwatkins4f@lycos.com,Photobug,Kpalimé,,5145550159
Shawn,Ford,sford4g@reference.com,,Orissaare,,5145550160
Raymond,Flores,rflores4h@mail.ru,,Unaizah,,5145550161
Heather,Reynolds,hreynolds4i@scientificamerican.com,Digitube,Metsavan,,5145550162
Jack,Cunningham,jcunningham4j@creativecommons.org,,Alurbulu,,5145550163
Irene,Sullivan,,,Talisay,2 Forest Run Street,5145550164
Jose,Gardner,,Topicshots,Pochayiv,,5145550165
Cynthia,Sanders,csanders4m@mapy.cz,,Kokubunji,,5145550166
Paul,Murphy,pmurphy4n@google.co.jp,Oba,North Little Rock,,5145550167
Phyllis,Reyes,preyes4o@ca.gov,Devshare,Stare Miasto,,5145550168
Richard,Howell,rhowell4p@msn.com,,Studénka,,5145550169
Margaret,Allen,mallen4q@comsenz.com,,Lubaczów,,5145550170
Lawrence,Mccoy,lmccoy4r@tinyurl.com,,Paloh,,5145550171
Susan,Stevens,sstevens4s@skyrock.com,Skinte,Muhos,,5145550172
Louis,Duncan,lduncan4t@vk.com,Meevee,Chornukhyne,,5145550173
Rachel,Sims,,,Lakkha Nëvre,,5145550174
Maria,Ward,mward4v@qq.com,,Bakıxanov,,5145550175
Bruce,Henderson,bhenderson4w@telegraph.co.uk,,Kälviä,,5145550176
Justin,Rodriguez,jrodriguez4x@blogtalkradio.com,,Hujirt,,5145550177
Samuel,Ramos,,,San Isidro,,5145550178
Billy,Holmes,bholmes4z@buzzfeed.com,,Hevlín,,5145550179
Amanda,Sullivan,asullivan50@icq.com,,Benhao,,5145550180
Bruce,Pierce,bpierce51@bluehost.com,,Oele,,5145550181
Kathleen,Greene,kgreene52@timesonline.co.uk,Quamba,Kłoczew,,5145550182
Lisa,Rivera,lrivera53@mlb.com,,Kveda Chkhorots’q’u,,5145550183
Marilyn,Little,mlittle54@forbes.com,,Chapadinha,,5145550184
Adam,Hughes,ahughes55@usda.gov,Midel,Poteran,698 Charing Cross Hill,5145550185
Peter,Smith,psmith56@discovery.com,Rooxo,Nice,,5145550186
Jacqueline,Taylor,jtaylor57@nyu.edu,,Fastovetskaya,,5145550187
Alan,Jenkins,ajenkins58@economist.com,,Plato,,5145550188
Charles,Jones,cjones59@tripod.com,,Sacramento,,5145550189
Anne,Martin,amartin5a@webs.com,,Lākshām,,5145550190
Elizabeth,George,,,Kabo,,5145550191
Jose,Bennett,jbennett5c@gnu.org,Jaxbean,Saint Croix,784 Reinke Plaza,5145550192
Shawn,Reed,sreed5d@fastcompany.com,,Sindangheula,,5145550193
Stephen,Lawrence,slawrence5e@pbs.org,,Lubumbashi,,5145550194
Joseph,Scott,jscott5f@pcworld.com,Photojam,Curridabat,,5145550195
Paula,West,pwest5g@bluehost.com,Skinix,Tsákoi,,5145550196
Alan,Ramirez,aramirez5h@w3.org,,Shahkot,,5145550197
Mary,Perkins,mperkins5i@com.com,,Banjar Tengahbelayu,,5145550198
Larry,Howard,lhoward5j@stumbleupon.com,,Lipka,,5145550199
Charles,Brown,cbrown5k@dropbox.com,,Punta Hermosa,,5145550200
Julia,Holmes,jholmes5l@fda.gov,Wikibox,Pidigan,,5145550201
Ruby,Williamson,rwilliamson5m@imageshack.us,Tazzy,Shangyong,,5145550202
Albert,Watkins,awatkins5n@skyrock.com,Dabshots,Myingyan,,5145550203
Joshua,Ward,jward5o@techcrunch.com,Talane,Vievis,,5145550204
Martha,Kelley,mkelley5p@cisco.com,Digitube,Sibayo,,5145550205
Lori,Hanson,lhanson5q@marketwatch.com,,Jiguan,9 Sundown Park,5145550206
Douglas,Day,,Vipe,Zhangdian,,5145550207
Laura,Lawson,llawson5s@columbia.edu,Ntags,Kuliyapitiya,,5145550208
Alice,Weaver,aweaver5t@oakley.com,,Maojiagang,,5145550209
Brian,Clark,bclark5u@fc2.com,Edgeblab,Viligili,,5145550210
Philip,Lawrence,plawrence5v@netlog.com,,Ngorongoro,,5145550211
Laura,Woods,lwoods5w@example.com,Bubbletube,Jajawai,,5145550212
Gerald,Knight,gknight5x@wordpress.com,,Ursynów,,5145550213
Carol,Myers,cmyers5y@sciencedirect.com,Zazio,Jistebnice,,5145550214
Richard,Brown,,Jetpulse,Pucangkrajan,,5145550215
Kenneth,Richardson,krichardson60@forbes.com,,Nova Venécia,,5145550216
Julie,Chavez,jchavez61@hubpages.com,,Nuyno,,5145550217
Terry,Richardson,trichardson62@jigsy.com,,Xindian,054 Oriole Park,5145550218
Mary,Edwards,medwards63@ning.com,,Taiping,,5145550219
Cheryl,Ortiz,cortiz64@yandex.ru,Cogibox,Agago,,5145550220
Randy,Meyer,,,Limoges,,5145550221
Katherine,Hansen,khansen66@cisco.com,Quamba,Salt Lake City,,5145550222
Emily,Bishop,,,Chōfugaoka,,5145550223
Walter,Reynolds,wreynolds68@bing.com,Yotz,Shibukawa,,5145550224
Julie,Nguyen,jnguyen69@exblog.jp,,Kvasy,,5145550225
Sandra,Brooks,sbrooks6a@ca.gov,,Waso,,5145550226
Cynthia,Marshall,cmarshall6b@toplist.cz,Thoughtstorm,Pondokrejo Wetan,,5145550227
Jason,Howell,jhowell6c@hubpages.com,Cogilith,Urkarakh,,5145550228
Julia,Kim,jkim6d@mit.edu,,Kota Bharu,,5145550229
Jeffrey,Nguyen,,,Sainte-Thérèse,,5145550230
Marilyn,Willis,mwillis6f@cbslocal.com,,‘Alāqahdārī Kirān wa Munjān,,5145550231
Ashley,Hughes,ahughes6g@blogtalkradio.com,,Xiangquan,,5145550232
Jonathan,Cunningham,jcunningham6h@scribd.com,,La Concepcion,,5145550233
Phillip,Griffin,pgriffin6i@hugedomains.com,,Bigoudine,,5145550234
Gloria,Chavez,gchavez6j@mysql.com,Youbridge,Choma,,5145550235
Helen,Mccoy,hmccoy6k@reuters.com,,Kurye,,5145550236
Judy,Dunn,jdunn6l@sciencedirect.com,Skiptube,Feijó,,5145550237
Sarah,Pierce,spierce6m@dedecms.com,,San Onofre,,5145550238
Rebecca,Stephens,,,Lianjiangkou,,5145550239
Aaron,Richardson,arichardson6o@squidoo.com,,Arroio Grande,,5145550240
Kenneth,Murray,kmurray6p@feedburner.com,,Zhongling,,5145550241
Annie,Green,agreen6q@linkedin.com,,Guacarí,,5145550242
Brian,Patterson,bpatterson6r@who.int,,Yutsa,,5145550243
Larry,Elliott,lelliott6s@examiner.com,Trudoo,Kondangrege,,5145550244
Pamela,Gibson,pgibson6t@friendfeed.com,Oodoo,Kladi,,5145550245
Craig,White,cwhite6u@so-net.ne.jp,,Shuigou’ao,,5145550246
Beverly,Gonzales,bgonzales6v@cnbc.com,,Junaynat Raslān,,5145550247
Patricia,Thomas,pthomas6w@cbslocal.com,Pixoboo,Mszana Dolna,6 Maple Lane,5145550248
Paula,Jones,,,Motala,,5145550249
Roger,Wallace,rwallace6y@pcworld.com,,Liangshan,,5145550250
Anthony,Williamson,awilliamson6z@pen.io,Zoonoodle,Shuishiying,,5145550251
Margaret,Lawrence,mlawrence70@eepurl.com,Wikido,Mesker-Yurt,7737 Waxwing Pass,5145550252
Jack,Rogers,,,Jamaica,,5145550253
Andrew,Hudson,ahudson72@posterous.com,,Thị Trấn Mường Khương,,5145550254
Denise,Elliott,delliott73@prweb.com,Roomm,El Alamo,,5145550255
Louis,Powell,lpowell74@cdc.gov,,Lamía,,5145550256
Billy,Peters,bpeters75@irs.gov,,Alcaria,,5145550257
Lillian,Bell,lbell76@nature.com,,Atyrau,,5145550258
Phillip,Campbell,,,Ginir,72 Talisman Alley,5145550259
Evelyn,Meyer,emeyer78@tmall.com,,Liuji,,5145550260
Evelyn,Smith,esmith79@fema.gov,,Vodnjan,,5145550261
Keith,Moore,kmoore7a@scribd.com,Fivespan,Stanowice,,5145550262
Doris,Garza,dgarza7b@example.com,,La Suiza,,5145550263
Rebecca,Scott,rscott7c@hud.gov,,Malabar,,5145550264
Ralph,Hughes,rhughes7d@shareasale.com,Fatz,Hurghada,,5145550265
Victor,Graham,vgraham7e@abc.net.au,Wordify,Nijmegen,,5145550266
Elizabeth,Kennedy,ekennedy7f@ucoz.com,Centizu,Cerme Kidul,,5145550267
Frank,Rose,,,Shima,,5145550268
Judy,Fernandez,jfernandez7h@nba.com,,Cirumput,,5145550269
Timothy,Hanson,thanson7i@geocities.jp,Gigabox,Chuguyevka,4 Utah Street,5145550270
Samuel,Day,sday7j@java.com,,Longwood,,5145550271
Joshua,Murphy,,,Guomaying,,5145550272
Jean,Brown,jbrown7l@noaa.gov,Chatterbridge,Basel,,5145550273
Roy,Campbell,rcampbell7m@twitpic.com,,Greensboro,,5145550274
Marilyn,Bradley,mbradley7n@google.it,Avamm,Baranów,,5145550275
Sarah,Alexander,salexander7o@artisteer.com,,Xiping,,5145550276
Irene,Ryan,iryan7p@nydailynews.com,,Marteleira,,5145550277
Philip,Campbell,pcampbell7q@dagondesign.com,,Huimin,,5145550278
Teresa,Edwards,tedwards7r@washington.edu,,Xinshui,,5145550279
Doris,Smith,dsmith7s@wikimedia.org,,Amherstburg,,5145550280
Shirley,Perez,sperez7t@virginia.edu,Skiba,Rengo,,5145550281
Emily,Thomas,,Topicstorm,Yushikalasu,,5145550282
Carlos,Hudson,,,Bayt Līd,,5145550283
Sean,Porter,sporter7w@netscape.com,,Croix,,5145550284
Frances,Robertson,frobertson7x@hp.com,Yata,Kŭlob,276 Mandrake Junction,5145550285
Ann,Morales,amorales7y@tuttocitta.it,Twimm,Lille,97 Hermina Parkway,5145550286
Pamela,Walker,pwalker7z@angelfire.com,,Byumba,,5145550287
Jerry,Crawford,jcrawford80@cam.ac.uk,,Fresno,,5145550288
Keith,Mendoza,kmendoza81@tripadvisor.com,Dabfeed,Umunede,,5145550289
Jack,Scott,jscott82@answers.com,,Castleknock,,5145550290
Kathryn,Harrison,kharrison83@loc.gov,,Bebedahan,,5145550291
Keith,Banks,kbanks84@google.com.br,,Naberera,,5145550292
Tammy,Matthews,tmatthews85@1688.com,,Guinobatan,890 Chinook Avenue,5145550293
Debra,Phillips,,,La Mesa,,5145550294
Melissa,Gardner,mgardner87@flickr.com,Rhynyx,Joroan,,5145550295
Peter,Collins,pcollins88@altervista.org,,Kario,,5145550296
Jose,Richardson,jrichardson89@jiathis.com,Dynabox,Hotaka,,5145550297
Carol,Simmons,csimmons8a@japanpost.jp,Photobug,Likhobory,,5145550298
Evelyn,Andrews,eandrews8b@globo.com,,Lameira,,5145550299
Kenneth,Ellis,kellis8c@ycombinator.com,Browsebug,‘Ūrīf,,5145550300
Juan,Mccoy,jmccoy8d@virginia.edu,,Geidam,,5145550301
Laura,Nguyen,lnguyen8e@nba.com,,Cimara,,5145550302
Jimmy,Moreno,jmoreno8f@mapy.cz,Skippad,Il’inskiy,,5145550303
Joseph,Robinson,jrobinson8g@paginegialle.it,Gigabox,Mampong,,5145550304
Andrea,Watkins,,Linktype,Tongjin,,5145550305
Stephen,Lewis,slewis8i@comsenz.com,,Reims,,5145550306
Irene,Washington,iwashington8j@gravatar.com,,Nanjing,,5145550307
Jessica,Fuller,jfuller8k@ifeng.com,,Montpellier,,5145550308
Walter,Gilbert,wgilbert8l@wikimedia.org,Bluejam,Gasri,,5145550309
Mark,Nelson,mnelson8m@devhub.com,,Badīn,,5145550310
Arthur,Matthews,,Oozz,Hokor,,5145550311
Randy,Bradley,rbradley8o@sohu.com,,Saint-Denis,,5145550312
Matthew,Carter,mcarter8p@ucoz.ru,,Valence,,5145550313
Bruce,Clark,bclark8q@cafepress.com,,Dno,613 Londonderry Terrace,5145550314
Steven,Hamilton,shamilton8r@senate.gov,,Alingsås,,5145550315
Kimberly,Howard,khoward8s@utexas.edu,Devify,Concepción,,5145550316
Susan,Gonzales,sgonzales8t@samsung.com,,Łomianki,,5145550317
Albert,Morales,amorales8u@house.gov,,Dingbao,9935 Marcy Plaza,5145550318
Shirley,Hicks,shicks8v@ezinearticles.com,,Pacaycasa,,5145550319
Catherine,Arnold,carnold8w@tuttocitta.it,,Raas,,5145550320
Michelle,Carpenter,mcarpenter8x@nytimes.com,Fadeo,Cigintung,,5145550321
Samuel,Warren,swarren8y@google.de,Ooba,Katyr-Yurt,,5145550322
Donna,Wright,,Buzzdog,Candelaria,,5145550323
Wanda,Rogers,wrogers90@netlog.com,,Jovellar,,5145550324
Howard,Rivera,,,Mongo,98 Dakota Trail,5145550325
Alice,Butler,abutler92@blog.com,Skyble,Sindi,,5145550326
Brandon,Long,blong93@mapy.cz,Eidel,Fuchun,,5145550327
Evelyn,Medina,emedina94@mayoclinic.com,,Pinamalayan,,5145550328
Katherine,Price,kprice95@hugedomains.com,,Mandikbatu,,5145550329
Bobby,Cruz,bcruz96@mit.edu,,Hougong,,5145550330
Cheryl,Gilbert,cgilbert97@time.com,Devpoint,Loimaan Kunta,4148 Vermont Way,5145550331
Ryan,Turner,rturner98@typepad.com,,Guane,,5145550332
Mary,Rose,mrose99@mayoclinic.com,,Muting,,5145550333
Helen,Daniels,,Thoughtblab,Karangasem,,5145550334
Susan,Ferguson,sferguson9b@xinhuanet.com,,Assiniboia,,5145550335
Melissa,Fisher,mfisher9c@nbcnews.com,Rhyloo,Bộc Bố,,5145550336
Sandra,Woods,swoods9d@phoca.cz,Thoughtstorm,Luna,,5145550337
Jesse,Harrison,jharrison9e@usnews.com,Realbuzz,Shar’ya,,5145550338
Joshua,Holmes,jholmes9f@sciencedirect.com,,Trzebiatów,,5145550339
Angela,Morales,,Kayveo,Milovice,,5145550340
Karen,Spencer,kspencer9h@imdb.com,,Ar Rawḑah,,5145550341
Sarah,Schmidt,sschmidt9i@opensource.org,Quatz,Artjärvi,,5145550342
Henry,Baker,hbaker9j@sun.com,Photospace,Asprángeloi,,5145550343
Timothy,Tucker,ttucker9k@bandcamp.com,Avavee,Nzeto,,5145550344
Christine,Morris,,Devpulse,Brooklyn,,5145550345
Julie,Robinson,jrobinson9m@elpais.com,Zoomzone,Gromadka,,5145550346
George,Collins,gcollins9n@salon.com,,Hazlov,,5145550347
Marilyn,Richards,,,Reina Mercedes,,5145550348
Theresa,Davis,,Riffpath,Na Yung,,5145550349
Cheryl,Butler,cbutler9q@ftc.gov,Geba,Tawau,,5145550350
Amy,Baker,,Wikido,Boyang,,5145550351
Diana,Ray,dray9s@tiny.cc,Fivebridge,Svecha,,5145550352
Patrick,Cooper,pcooper9t@dagondesign.com,,Alençon,,5145550353
Judy,Holmes,jholmes9u@ifeng.com,,Bengtsfors,,5145550354
Paula,Wood,pwood9v@cbslocal.com,Jaxspan,Bayḩān,,5145550355
Mary,Richards,mrichards9w@wunderground.com,,Karpokhórion,,5145550356
Rose,Hernandez,rhernandez9x@biblegateway.com,Skipstorm,Bolo,,5145550357
Betty,Fisher,bfisher9y@zdnet.com,Feedfish,Yixin,,5145550358
Ruby,Duncan,rduncan9z@networksolutions.com,,Eschweiler,,5145550359
Elizabeth,Holmes,eholmesa0@oakley.com,Voolia,Yima,,5145550360
Beverly,Hansen,bhansena1@umn.edu,,Manga,,5145550361
Ruth,Lane,rlanea2@networksolutions.com,Feedfish,Warudoyong,,5145550362
Christine,Cole,ccolea3@com.com,,Khlong Luang,,5145550363
Victor,Jacobs,vjacobsa4@constantcontact.com,Twimm,Pendolo,,5145550364
Bobby,Gordon,bgordona5@google.pl,Meetz,Mantingantengah,,5145550365
Jacqueline,Powell,jpowella6@adobe.com,Innotype,Sudzha,,5145550366
Randy,Ramirez,rramireza7@home.pl,,Tarariras,,5145550367
Diana,Rodriguez,drodrigueza8@washingtonpost.com,Abatz,Tiouli,,5145550368
Nicole,Hudson,nhudsona9@who.int,,San Casimiro,1174 Stang Parkway,5145550369
Janet,Allen,jallenaa@berkeley.edu,,Gložan,,5145550370
Denise,Reed,dreedab@patch.com,Fatz,Trawniki,,5145550371
Lori,Lane,llaneac@diigo.com,,Wuyang,,5145550372
Karen,Warren,kwarrenad@fastcompany.com,,Haeju,,5145550373
Jerry,Burton,jburtonae@china.com.cn,,Palhoça,,5145550374
Lori,Allen,lallenaf@cafepress.com,Eidel,Omaha,,5145550375
Frances,Brooks,fbrooksag@rambler.ru,,Burqah,,5145550376
Virginia,West,vwestah@apple.com,Zooxo,Priekulė,,5145550377
Jesse,Reyes,jreyesai@reddit.com,,Temanjang,,5145550378
Theresa,Graham,tgrahamaj@google.com.br,Demimbu,Sukoanyar,,5145550379
Keith,Lynch,klynchak@aol.com,,Kobelyaky,,5145550380
Adam,King,akingal@archive.org,,Phủ Thông,,5145550381
Jane,Cole,jcoleam@vk.com,,Gennevilliers,,5145550382
Emily,White,ewhitean@amazonaws.com,Rhycero,Chīchāwatni,,5145550383
Gary,Nguyen,gnguyenao@yale.edu,Katz,Cascavel,,5145550384
Louis,Perez,lperezap@prweb.com,Blognation,Kaduluhur,,5145550385
Marilyn,Carpenter,mcarpenteraq@utexas.edu,Vidoo,Ljungby,,5145550386
Catherine,Cruz,ccruzar@php.net,,Bengtsfors,,5145550387
Carol,Riley,crileyas@cdbaby.com,Trudoo,Governador Valadares,,5145550388
Louis,Reynolds,,,Babiak,66746 Randy Junction,5145550389
Earl,Scott,escottau@ifeng.com,,Pointe-Noire,,5145550390
Andrew,Fields,afieldsav@un.org,,Trondheim,,5145550391
Deborah,Black,dblackaw@unblog.fr,,Lunyuk Ode,,5145550392
Cheryl,Hicks,chicksax@yahoo.co.jp,,Fucun,,5145550393
Steve,Murray,smurrayay@soundcloud.com,Tagopia,Pindangan Centro,,5145550394
Frank,Black,fblackaz@theglobeandmail.com,Thoughtblab,Kayes,,5145550395
Martin,Howell,mhowellb0@archive.org,Thoughtstorm,Trebisht-Muçinë,,5145550396
Margaret,Armstrong,marmstrongb1@howstuffworks.com,Rhycero,Verkhniy Yasenov,,5145550397
Janet,Scott,jscottb2@people.com.cn,Devbug,Sindang,,5145550398
Frances,Hawkins,fhawkinsb3@amazonaws.com,Skipstorm,Galitsy,,5145550399
Bruce,Ford,bfordb4@nps.gov,,Río Guayabal de Yateras,20639 Little Fleur Center,5145550400
Irene,Cruz,icruzb5@fotki.com,,Digkilaan,,5145550401
Roger,Marshall,rmarshallb6@latimes.com,Youspan,Ramat HaSharon,,5145550402
Jacqueline,Meyer,jmeyerb7@go.com,,Rozsypne,,5145550403
Eugene,Powell,epowellb8@ed.gov,Avamba,Affery,,5145550404
Shawn,Romero,,,Bojongnangka,,5145550405
Alice,Snyder,,,Sulahan,,5145550406
Rachel,Watson,rwatsonbb@dropbox.com,,Nashville,,5145550407
Benjamin,Jordan,bjordanbc@fda.gov,Innotype,Liugou,7904 Washington Way,5145550408
Jason,Stevens,jstevensbd@hhs.gov,,Brdów,4 Northridge Avenue,5145550409
Joyce,Lynch,jlynchbe@cam.ac.uk,,Stockholm,,5145550410
Janet,Wells,jwellsbf@parallels.com,,Karlskrona,,5145550411
Daniel,Ferguson,dfergusonbg@rambler.ru,,Rączna,,5145550412
Brian,Smith,bsmithbh@zdnet.com,,Hecun,,5145550413
Janet,Johnston,jjohnstonbi@symantec.com,,Houston,,5145550414
Harry,Jackson,hjacksonbj@imgur.com,,Tempeh Tengah,,5145550415
Bruce,Carpenter,bcarpenterbk@prweb.com,Cogibox,Kalilangan,,5145550416
Melissa,Morris,mmorrisbl@apache.org,,Concepción,,5145550417
Peter,Ford,pfordbm@imdb.com,,Koynare,,5145550418
Jose,Gray,jgraybn@boston.com,,Halmstad,,5145550419
Laura,Coleman,lcolemanbo@chronoengine.com,Jaxworks,Qiaochong,,5145550420
Chris,Collins,ccollinsbp@opensource.org,,Courelas Bravas,,5145550421
Brian,Hughes,bhughesbq@globo.com,Devcast,Buchanan,,5145550422
Jacqueline,Harper,jharperbr@prnewswire.com,Babblestorm,Khotsimsk,,5145550423
Cheryl,Lawrence,clawrencebs@eepurl.com,,Pietà,,5145550424
Arthur,Lopez,alopezbt@bloomberg.com,,Ebene,,5145550425
Craig,Hudson,chudsonbu@nationalgeographic.com,,Sainte-Marthe-sur-le-Lac,,5145550426
Diana,Evans,devansbv@elpais.com,,Zhongcheng,,5145550427
Dennis,Matthews,dmatthewsbw@oaic.gov.au,,Ladushkin,,5145550428
Henry,Kim,hkimbx@mapquest.com,Browsezoom,Barra Mansa,,5145550429
Kathy,Sanchez,ksanchezby@wiley.com,,Stamboliyski,,5145550430
Margaret,Woods,mwoodsbz@dyndns.org,Skyndu,Pomerode,,5145550431
Melissa,Thomas,mthomasc0@livejournal.com,,Shāzand,,5145550432
Ryan,Stanley,,Blogpad,Baixo Guandu,,5145550433
Gary,Allen,gallenc2@jigsy.com,Jetwire,El Pino,,5145550434
Matthew,Roberts,mrobertsc3@wsj.com,Zoomdog,Lusong,,5145550435
Brian,Adams,badamsc4@shareasale.com,,Fenjie,,5145550436
Cynthia,Kelley,,Jabberbean,Pedro Leopoldo,,5145550437
Theresa,Vasquez,tvasquezc6@plala.or.jp,Omba,Prakhon Chai,1235 Fuller Road,5145550438
Aaron,Gray,agrayc7@woothemes.com,,Storozhnytsya,,5145550439
Gary,Butler,gbutlerc8@vistaprint.com,Flashset,Uspenskoye,,5145550440
Jean,Carpenter,jcarpenterc9@163.com,Minyx,Kazinka,,5145550441
Shirley,Ramirez,sramirezca@comsenz.com,,Magbay,,5145550442
Christine,Rodriguez,crodriguezcb@comsenz.com,,Iida,,5145550443
Ashley,Davis,adaviscc@nba.com,Thoughtbeat,Chenqiao,,5145550444
Melissa,Baker,,,Chợ Gạo,98122 Fordem Terrace,5145550445
Ruth,Ward,rwardce@i2i.jp,Skynoodle,Sīdī Sālim,,5145550446
Gregory,Adams,gadamscf@usgs.gov,Trilith,Gaoyao,,5145550447
Patrick,Collins,pcollinscg@mysql.com,,Tlogocilik,7906 Briar Crest Park,5145550448
Laura,Gardner,lgardnerch@com.com,,Serravalle,,5145550449
Shawn,Knight,sknightci@github.com,,Żółkiewka,,5145550450
Michelle,Hernandez,,,Svenljunga,,5145550451
Deborah,Dunn,ddunnck@wired.com,Devpulse,Manquiring,,5145550452
Annie,Garrett,agarrettcl@omniture.com,Browseblab,Thị Trấn Sìn Hồ,,5145550453
Nicole,Porter,nportercm@zdnet.com,Browsezoom,Hovd,,5145550454
Joe,Fisher,jfishercn@discuz.net,Vipe,Gowarczów,321 Erie Plaza,5145550455
Christine,Clark,cclarkco@usa.gov,,Winnipeg,8 Monument Place,5145550456
Stephen,Fowler,sfowlercp@auda.org.au,Oyondu,Yanweigang,,5145550457
Jerry,Henry,jhenrycq@aboutads.info,Livetube,Jāmpur,,5145550458
Clarence,Martin,cmartincr@marketwatch.com,Twitterlist,Bandong,,5145550459
Judith,Sullivan,jsullivancs@creativecommons.org,,Géfyra,,5145550460
Margaret,Weaver,mweaverct@youtube.com,,Luangwa,,5145550461
Antonio,Rose,arosecu@51.la,,Stodolishche,,5145550462
Shawn,Ray,sraycv@ebay.com,Gabcube,Shuitianhe,,5145550463
Victor,Patterson,vpattersoncw@bigcartel.com,,Yongqin,,5145550464
Julie,Harrison,jharrisoncx@nba.com,Rhynyx,Tabia,,5145550465
Gary,Wright,gwrightcy@free.fr,,Prachuap Khiri Khan,,5145550466
Jennifer,Cruz,,Ooba,Lijiapu,,5145550467
Timothy,Meyer,tmeyerd0@washington.edu,,Sidayu,,5145550468
Jeremy,Ferguson,jfergusond1@themeforest.net,,Pulau Tiga,,5145550469
Kevin,Richards,,Kwimbee,Chunhua,,5145550470
Samuel,Rose,srosed3@theglobeandmail.com,Youopia,Kloangpopot,,5145550471
Samuel,Morales,smoralesd4@earthlink.net,,Tílisos,,5145550472
Kimberly,Smith,ksmithd5@ask.com,,Basar,,5145550473
Gary,Larson,glarsond6@arizona.edu,Quinu,Hepang,,5145550474
Heather,Hicks,hhicksd7@scientificamerican.com,DabZ,Sūq Şirwāḩ,,5145550475
Doris,Carr,dcarrd8@engadget.com,,Contramaestre,,5145550476
Shawn,Ellis,sellisd9@comsenz.com,Feedfish,Marseille,,5145550477
Bonnie,Peters,bpetersda@linkedin.com,Fivespan,Czeremcha,,5145550478
Fred,Chavez,fchavezdb@sourceforge.net,Realcube,Brescia,329 Mandrake Terrace,5145550479
Carol,Bishop,cbishopdc@networkadvertising.org,Quire,La Cruz,,5145550480
Amanda,Miller,amillerdd@cdbaby.com,,Boucherville,,5145550481
Laura,Clark,lclarkde@virginia.edu,,Buritama,,5145550482
Cheryl,Torres,ctorresdf@rambler.ru,,Garbów,,5145550483
Brenda,Gilbert,bgilbertdg@nba.com,Kwinu,Groznyy,653 Loeprich Parkway,5145550484
Matthew,Price,mpricedh@adobe.com,,Nong Khae,,5145550485
Craig,Graham,cgrahamdi@google.es,Yodel,Sehwān,,5145550486
Janet,Rivera,jriveradj@china.com.cn,InnoZ,Doubrava,,5145550487
Aaron,James,,Latz,Bettendorf,,5145550488
Eric,Chapman,,Roombo,El Galpón,,5145550489
George,Long,glongdm@qq.com,,Hetou,,5145550490
Ann,Mendoza,amendozadn@aol.com,,Bedford,,5145550491
Emily,Allen,eallendo@usnews.com,,Ndungu,,5145550492
Susan,Cunningham,scunninghamdp@nih.gov,,Guaiúba,,5145550493
Elizabeth,Washington,ewashingtondq@xinhuanet.com,Quinu,Arroio do Meio,,5145550494
Cynthia,Coleman,ccolemandr@unblog.fr,Divavu,Chafé,,5145550495
Laura,Torres,ltorresds@adobe.com,Meevee,Budapest,,5145550496
Sandra,Bowman,sbowmandt@zimbio.com,,Fujishiro,318 Old Gate Point,5145550497
Eugene,Gibson,,,Hodoš,,5145550498
Debra,Day,ddaydv@gravatar.com,Leexo,Hengfan,,5145550499
Christine,Watkins,,,Manta,,5145550500
Terry,Elliott,telliottdx@wunderground.com,Kaymbo,Shirochanka,,5145550501
Pamela,Burke,pburkedy@squarespace.com,,Bagé,,5145550502
Jeremy,Duncan,jduncandz@t.co,Linkbridge,Pantaibesar,,5145550503
Aaron,Young,ayounge0@answers.com,Mycat,Wołczyn,,5145550504
Kelly,Castillo,kcastilloe1@apache.org,Zoonder,Santa Cruz de la Sierra,,5145550505
Anna,Mccoy,amccoye2@elpais.com,,Masis,,5145550506
Sandra,Wells,swellse3@cbc.ca,Kwinu,Ongjin,,5145550507
Joyce,Morgan,jmorgane4@yolasite.com,,Vetluga,,5145550508
Kathryn,Mendoza,kmendozae5@mit.edu,,Yong’an,,5145550509
Arthur,Cole,acolee6@ibm.com,,Hyesan-si,,5145550510
Peter,Ferguson,pfergusone7@paginegialle.it,Blogspan,Tor,,5145550511
Douglas,Knight,,Roodel,Āstārā,,5145550512
Kathleen,Fernandez,kfernandeze9@nymag.com,,Birmingham,,5145550513
Lawrence,Gonzales,lgonzalesea@is.gd,Shuffletag,San Benito Abad,,5145550514
Pamela,Gonzalez,pgonzalezeb@tiny.cc,,Hujiaba,,5145550515
Donna,Rice,driceec@independent.co.uk,,Kanshi,,5145550516
Marilyn,Gordon,mgordoned@topsy.com,Mudo,Lianfa,7956 Chinook Drive,5145550517
Richard,Bennett,rbennettee@diigo.com,,Túquerres,,5145550518
Russell,Little,rlittleef@kickstarter.com,Photospace,Huité,,5145550519
Jesse,Gonzalez,jgonzalezeg@va.gov,,Kayanza,,5145550520
Wayne,Martinez,wmartinezeh@paypal.com,Topicware,Nevers,,5145550521
Scott,Palmer,spalmerei@cdc.gov,,Pare,,5145550522
Terry,Hamilton,thamiltonej@sitemeter.com,,Bangan-Oda,,5145550523
Russell,Welch,rwelchek@hao123.com,Wikido,Ust’-Kalmanka,,5145550524
Bonnie,Lawrence,blawrenceel@tumblr.com,Dynazzy,Rongxing,,5145550525
Anna,Kelly,akellyem@infoseek.co.jp,Mydeo,Perrelos,,5145550526
Arthur,Kennedy,akennedyen@arizona.edu,,Lobatse,,5145550527
Charles,Peterson,cpetersoneo@npr.org,,Dipayal,,5145550528
Diana,Garza,dgarzaep@cocolog-nifty.com,,Guantouzui,99175 Garrison Circle,5145550529
Albert,James,ajameseq@ucla.edu,Fanoodle,Nanlang,492 Trailsway Way,5145550530
Tammy,Nguyen,,,Jiulong,,5145550531
Ashley,Armstrong,aarmstronges@npr.org,,San Pedro Ayampuc,,5145550532
Clarence,Warren,cwarrenet@photobucket.com,,West Palm Beach,,5145550533
Michael,Powell,mpowelleu@examiner.com,,Weekombaka,768 Mccormick Drive,5145550534
Lawrence,Chavez,,,Piastów,,5145550535
Paula,Gonzales,,Thoughtstorm,Mendeleyevo,,5145550536
Julie,Collins,jcollinsex@samsung.com,Npath,Ueno,,5145550537
Earl,Wagner,ewagnerey@hp.com,,Bi’r Ḩāt,,5145550538
Brenda,Gardner,bgardnerez@toplist.cz,,Lindome,,5145550539
Teresa,Hill,thillf0@alibaba.com,,Náchod,10 Macpherson Trail,5145550540
Rebecca,Alvarez,ralvarezf1@craigslist.org,Avavee,Beitan,,5145550541
Beverly,Thomas,bthomasf2@indiatimes.com,,Runting,,5145550542
Bobby,Howard,bhowardf3@ow.ly,,Beiqijia,,5145550543
Steven,Brooks,sbrooksf4@prnewswire.com,,Monteiro,,5145550544
Barbara,Wood,bwoodf5@amazon.de,Jaloo,Stepnogorsk,,5145550545
Rebecca,Andrews,randrewsf6@gizmodo.com,Voolia,Zhifudao,,5145550546
Gloria,Griffin,ggriffinf7@illinois.edu,,Sokol’skoye,,5145550547
Ronald,Long,rlongf8@1und1.de,Innojam,Fresno,,5145550548
Dennis,Fernandez,dfernandezf9@weather.com,,Prigi,,5145550549
Christina,Jones,cjonesfa@ox.ac.uk,Oyope,Kax,,5145550550
Ruby,Scott,rscottfb@bluehost.com,,Osieck,,5145550551
Fred,Crawford,fcrawfordfc@addtoany.com,,Metz,,5145550552
Jimmy,Kelley,jkelleyfd@hostgator.com,,Kaliska,,5145550553
Jacqueline,Welch,,,Santo Domingo,,5145550554
Mary,Lane,mlaneff@mail.ru,,Lagunas,,5145550555
Tammy,Long,tlongfg@marketwatch.com,,Vaudreuil-Dorion,,5145550556
Victor,Owens,vowensfh@themeforest.net,,Half Way Tree,,5145550557
Kevin,Ward,kwardfi@soundcloud.com,Avamba,Fayzabad,,5145550558
Mary,Lawson,mlawsonfj@diigo.com,Ozu,Nayak,,5145550559
Jacqueline,Rice,jricefk@tuttocitta.it,Blogtag,Daloa,,5145550560
Samuel,Nguyen,snguyenfl@ameblo.jp,,Kamieniec Podolski,,5145550561
Frank,Young,fyoungfm@hibu.com,,Yonago,6479 Spenser Park,5145550562
Diana,Moore,dmoorefn@phoca.cz,,London,2813 Northland Alley,5145550563
Philip,White,pwhitefo@usa.gov,,Cumedak,,5145550564
Jennifer,Henry,jhenryfp@shinystat.com,Kwinu,Monte,,5145550565
Kenneth,Fisher,kfisherfq@constantcontact.com,,Duzhenwan,,5145550566
Sarah,Ferguson,sfergusonfr@apple.com,Jatri,Werasari,,5145550567
Paula,King,,,Gaotieling,,5145550568
Larry,Rice,lriceft@360.cn,,Pedro II,,5145550569
Jane,Moreno,jmorenofu@yahoo.com,,Marne-la-Vallée,,5145550570
Scott,Ward,swardfv@bluehost.com,,Marilao,,5145550571
Brandon,Moreno,bmorenofw@businessinsider.com,Yakitri,Dadeldhurā,,5145550572
Lawrence,Riley,lrileyfx@army.mil,,Várzea,,5145550573
Howard,Harper,hharperfy@noaa.gov,Oyope,Fuxing,,5145550574
Betty,Roberts,brobertsfz@wiley.com,,Hyrynsalmi,,5145550575
Betty,Gibson,bgibsong0@wix.com,,Battambang,6403 Katie Circle,5145550576
Juan,Cooper,jcooperg1@webs.com,,Năm Căn,,5145550577
Tammy,Johnson,tjohnsong2@goo.gl,,Hanting,,5145550578
Maria,Garza,mgarzag3@phpbb.com,Jetpulse,Ubaté,,5145550579
Harold,Larson,hlarsong4@live.com,Skimia,Al Karmil,,5145550580
Evelyn,Mcdonald,emcdonaldg5@flavors.me,Browsezoom,Piura,,5145550581
Kathryn,Ferguson,kfergusong6@amazonaws.com,Gigashots,Tayabo,,5145550582
Susan,Spencer,sspencerg7@prweb.com,Linklinks,Pawitan,,5145550583
Maria,Clark,mclarkg8@amazonaws.com,,Ransang,1986 Division Court,5145550584
Brian,Castillo,bcastillog9@google.co.uk,Edgeblab,Sabandia,575 Spohn Place,5145550585
Adam,Spencer,aspencerga@archive.org,Cogidoo,Palmerston North,,5145550586
Jane,Dixon,jdixongb@wordpress.com,,Szeged,02 Hansons Terrace,5145550587
Peter,Reyes,preyesgc@odnoklassniki.ru,Rhycero,Oibioin,0 Anhalt Drive,5145550588
Nancy,Willis,nwillisgd@ca.gov,,Siborong-borong,,5145550589
Ruby,Dunn,,Gabspot,Mondokan,,5145550590
Evelyn,Lynch,elynchgf@theguardian.com,Twitterworks,Shāhpur Chākar,,5145550591
Diana,Butler,dbutlergg@eventbrite.com,,Kanekomachi,,5145550592
Jeffrey,Washington,jwashingtongh@chicagotribune.com,,Skhira,,5145550593
Joshua,Fox,jfoxgi@hibu.com,,Macedo de Cavaleiros,,5145550594
Debra,Sullivan,,,Choroszcz,,5145550595
Gregory,Wells,gwellsgk@usda.gov,Avamba,Patapan,,5145550596
Jacqueline,Thomas,,,‘Abs,,5145550597
Douglas,Morgan,dmorgangm@1und1.de,,Mulhouse,,5145550598
Anthony,Garcia,agarciagn@npr.org,Skinder,Rivne,,5145550599
Dennis,Ross,drossgo@webs.com,Podcat,Markaryd,,5145550600
Ruth,Long,rlonggp@bloomberg.com,,Ciego de Ávila,,5145550601
Shirley,James,sjamesgq@reference.com,,Tayasan,,5145550602
Jane,Hayes,jhayesgr@aol.com,,Zibreira,,5145550603
Tina,Collins,tcollinsgs@dropbox.com,Kwimbee,Leopoldina,,5145550604
Terry,Patterson,tpattersongt@friendfeed.com,,Borås,,5145550605
Anna,Jacobs,ajacobsgu@prnewswire.com,Plambee,Sanom,,5145550606
Donna,Gray,dgraygv@cnbc.com,Zava,Qiulu,,5145550607
Joan,Webb,jwebbgw@google.ru,,Nan,9343 Westport Terrace,5145550608
Jerry,Adams,jadamsgx@foxnews.com,Dabvine,Bussum,,5145550609
Stephanie,Richards,srichardsgy@diigo.com,,Sanming,,5145550610
Scott,King,skinggz@yolasite.com,Buzzdog,Carlos Casares,,5145550611
John,West,jwesth0@creativecommons.org,,Lido,,5145550612
Lisa,Carter,lcarterh1@pen.io,,Thị Trấn Tân Yên,,5145550613
Sharon,Riley,srileyh2@amazon.de,Flipstorm,Đồi Ngô,,5145550614
John,Gomez,jgomezh3@theatlantic.com,,Hatogaya-honchō,,5145550615
Steven,Clark,,,Piława Górna,1532 Arrowood Park,5145550616
Lori,Williamson,lwilliamsonh5@china.com.cn,,Horred,,5145550617
Dorothy,Stanley,dstanleyh6@google.pl,Meedoo,Sui’an,,5145550618
Sara,Graham,sgrahamh7@dion.ne.jp,,Gusinoozyorsk,,5145550619
Angela,Mccoy,,,Jiancheng,,5145550620
Larry,Stewart,lstewarth9@furl.net,,Delcevo,,5145550621
Roy,Rodriguez,rrodriguezha@mtv.com,,Caetité,,5145550622
Benjamin,Johnston,,Devpulse,As Suqaylibīyah,,5145550623
Sara,Young,syounghc@cmu.edu,,Jiuxian,,5145550624
Emily,Carroll,ecarrollhd@ning.com,,Passo Fundo,,5145550625
Jonathan,Jenkins,jjenkinshe@4shared.com,,Dindima,,5145550626
Andrew,Alvarez,,Yacero,Kungsbacka,435 Moland Place,5145550627
Chris,Gomez,cgomezhg@paginegialle.it,,Cuenca,8 Towne Terrace,5145550628
Kathleen,Stone,kstonehh@uiuc.edu,,Hedong,,5145550629
Pamela,Black,pblackhi@yandex.ru,,Ujiie,,5145550630
Donald,Edwards,,Photobug,Shijia,,5145550631
Tammy,Carter,tcarterhk@independent.co.uk,,Bularit,,5145550632
Paul,Jenkins,pjenkinshl@networksolutions.com,,Maoshan,,5145550633
Willie,Allen,wallenhm@com.com,,Salamrejo,,5145550634
Arthur,Crawford,acrawfordhn@bluehost.com,Demizz,Suhong,,5145550635
Eugene,Howell,ehowellho@timesonline.co.uk,,Vykhino-Zhulebino,,5145550636
Earl,Hansen,ehansenhp@unc.edu,Jazzy,Linköping,97 Bluestem Court,5145550637
Joshua,Hanson,jhansonhq@shareasale.com,Tagcat,Atins,,5145550638
Kimberly,Morales,kmoraleshr@unblog.fr,,Jiufeng,,5145550639
Christina,Porter,cporterhs@newyorker.com,,Isiolo,,5145550640
Johnny,Sullivan,jsullivanht@netvibes.com,,Melres,,5145550641
Jeremy,Burns,jburnshu@harvard.edu,,Nerchinsk,,5145550642
Randy,Phillips,rphillipshv@admin.ch,,Krajan,,5145550643
Stephanie,Arnold,sarnoldhw@wikimedia.org,,Gyumri,,5145550644
Scott,Russell,srussellhx@barnesandnoble.com,Twitterlist,Mulandoro,4191 Redwing Terrace,5145550645
Julia,Alexander,,,Baoxu,,5145550646
Gerald,Stone,gstonehz@aol.com,,Were Īlu,,5145550647
Stephanie,Larson,slarsoni0@irs.gov,,Berbek,,5145550648
Mildred,Barnes,mbarnesi1@stanford.edu,Feedbug,Chantilly,,5145550649
Roger,Murray,rmurrayi2@sciencedirect.com,Oyoyo,Bangeran,,5145550650
Lawrence,Oliver,loliveri3@stanford.edu,Shuffletag,Rahayu,,5145550651
Mark,Stanley,mstanleyi4@infoseek.co.jp,,Gunungtua,,5145550652
Alan,Williamson,awilliamsoni5@aboutads.info,,Bastak,,5145550653
Christine,Brooks,cbrooksi6@ebay.com,,Mégara,,5145550654
Gerald,Evans,gevansi7@gnu.org,,Kaustinen,,5145550655
Charles,Mills,cmillsi8@dyndns.org,,Sabang,,5145550656
Evelyn,Moreno,emorenoi9@storify.com,Zooveo,Nýdek,,5145550657
Kathy,Reid,kreidia@uiuc.edu,Abata,Arauca,,5145550658
Dorothy,Hill,dhillib@theguardian.com,,Lucma,,5145550659
Irene,White,iwhiteic@illinois.edu,,Pluak Daeng,,5145550660
Jonathan,Washington,jwashingtonid@tinypic.com,,Ullubiyaul,,5145550661
Anne,Oliver,,,Sapareva Banya,,5145550662
Chris,Burns,cburnsif@wordpress.org,,Chlewiska,,5145550663
Bruce,Lawrence,,Twinder,Kola,,5145550664
Jeffrey,Grant,jgrantih@buzzfeed.com,Riffwire,Pinsk,,5145550665
Gerald,Harper,gharperii@constantcontact.com,,Penedono,,5145550666
Andrew,Thomas,athomasij@skype.com,Youspan,Söderhamn,,5145550667
Debra,Wells,dwellsik@guardian.co.uk,,Janes,,5145550668
Teresa,Riley,trileyil@cnbc.com,,Dalupirip,,5145550669
Raymond,Turner,rturnerim@bizjournals.com,Fivechat,Millet,,5145550670
Paula,Castillo,pcastilloin@census.gov,,Pio Duran,,5145550671
Anne,Collins,acollinsio@nifty.com,Realbridge,Étampes,,5145550672
Lisa,Sullivan,lsullivanip@apple.com,,Asnières-sur-Seine,,5145550673
Judy,Schmidt,,,Tembayangan Barat,,5145550674
Samuel,Howell,showellir@earthlink.net,,Dabai,,5145550675
Wanda,Black,wblackis@tuttocitta.it,Youfeed,Bechyně,,5145550676
Brenda,Johnston,bjohnstonit@surveymonkey.com,,Xindu,,5145550677
Juan,Carroll,jcarrolliu@about.me,Mynte,Darungan,8586 Shoshone Court,5145550678
Gerald,Ortiz,gortiziv@aol.com,Eadel,Bieqiao,,5145550679
Patricia,Hall,phalliw@webmd.com,Jetwire,Amagi,,5145550680
Robert,Webb,rwebbix@scientificamerican.com,,Bieto,,5145550681
David,Garrett,dgarrettiy@rakuten.co.jp,Realblab,Michałów,,5145550682
Beverly,West,bwestiz@shop-pro.jp,,Boulogne-Billancourt,,5145550683
Donald,Little,dlittlej0@netscape.com,,Shuangxiqiao,95706 Meadow Vale Alley,5145550684
Ernest,Patterson,epattersonj1@jiathis.com,Topicshots,Pinheiro,,5145550685
Ruby,Parker,rparkerj2@facebook.com,,Flen,,5145550686
Sara,Bennett,sbennettj3@mlb.com,Wordpedia,Novonukutskiy,,5145550687
Deborah,Carpenter,dcarpenterj4@storify.com,Jatri,Cikiruh Wetan,,5145550688
Carl,Dunn,,,Qingyang,847 Daystar Way,5145550689
Michael,Roberts,mrobertsj6@angelfire.com,Abatz,Changjiangbu,,5145550690
Beverly,Meyer,bmeyerj7@rambler.ru,Skipfire,Mamburao,,5145550691
Edward,Richardson,erichardsonj8@aboutads.info,,Bengubelan,,5145550692
George,Williams,gwilliamsj9@earthlink.net,,Fangbu,,5145550693
Marie,Bowman,mbowmanja@seattletimes.com,,Ranot,,5145550694
Lois,Stone,lstonejb@trellian.com,Brightdog,Sueyoshichō-ninokata,,5145550695
Craig,Romero,cromerojc@live.com,,Nielisz,,5145550696
Jeffrey,Greene,jgreenejd@trellian.com,Roombo,Patrang,,5145550697
Marilyn,Jacobs,mjacobsje@wired.com,,Hope,,5145550698
Martin,Graham,mgrahamjf@twitter.com,Oba,Sumurnanjung,,5145550699
Howard,Franklin,hfranklinjg@cnbc.com,,Ciyu,,5145550700
Brian,Mcdonald,bmcdonaldjh@dyndns.org,,Birmingham,,5145550701
Carl,Robinson,crobinsonji@auda.org.au,,Preko,,5145550702
Johnny,Fox,jfoxjj@networkadvertising.org,,Matiao,,5145550703
Ryan,Kelley,rkelleyjk@webeden.co.uk,Yakitri,Zagnitkiv,,5145550704
Rebecca,Shaw,rshawjl@weebly.com,,Bulan,,5145550705
Theresa,Kim,tkimjm@ustream.tv,,Caoxi,,5145550706
Teresa,Lawson,tlawsonjn@elpais.com,,Arauco,796 Mcbride Pass,5145550707
George,Holmes,gholmesjo@examiner.com,,Jiangbei,,5145550708
Jesse,Evans,jevansjp@weather.com,Izio,Tubuhue,,5145550709
Julia,Ward,jwardjq@g.co,Dynabox,Gangkoujie,,5145550710
Norma,Dean,ndeanjr@nydailynews.com,,Simitli,,5145550711
Melissa,Kim,mkimjs@goo.gl,Thoughtmix,Drayton Valley,,5145550712
Louise,Ortiz,lortizjt@scientificamerican.com,Vipe,Numan,,5145550713
Carolyn,Morris,,,Levashi,,5145550714
Alan,Cox,acoxjv@biglobe.ne.jp,,Tambak,,5145550715
Chris,West,,,Cernik,,5145550716
Keith,Hicks,khicksjx@upenn.edu,Linklinks,Tuanshansi,,5145550717
William,Chavez,wchavezjy@dyndns.org,Rhycero,Kuala Lumpur,65 Village Street,5145550718
Linda,Mccoy,lmccoyjz@aboutads.info,Trupe,Bonoua,,5145550719
Alan,Burke,aburkek0@mtv.com,Layo,Jalal-Abad,,5145550720
Bruce,Cunningham,bcunninghamk1@princeton.edu,,La Falda,,5145550721
Peter,Cole,pcolek2@topsy.com,Flipstorm,Saḩab,,5145550722
William,Roberts,wrobertsk3@a8.net,,Luzhuangzi,6915 Fieldstone Parkway,5145550723
Denise,Ray,drayk4@walmart.com,Minyx,Nacala,,5145550724
Jason,Cole,,Jabberstorm,Tudela,,5145550725
Louis,Thomas,,,San Clemente,,5145550726
Randy,Owens,rowensk7@amazon.co.uk,,Zhonghualu,,5145550727
Brandon,Gomez,,,Yangjinzhuang,,5145550728
Annie,Robinson,arobinsonk9@dion.ne.jp,,Mississauga,,5145550729
Nancy,Oliver,noliverka@is.gd,,Bromma,,5145550730
Sarah,Campbell,scampbellkb@prlog.org,,Vingåker,,5145550731
Douglas,Wood,,Browsezoom,Huangshanguan,,5145550732
Larry,Ellis,lelliskd@sitemeter.com,,Gugut,,5145550733
Bobby,Jones,bjoneske@tumblr.com,Jazzy,Venilale,,5145550734
Jacqueline,Ramirez,jramirezkf@mayoclinic.com,,Sanhe,,5145550735
Martin,Armstrong,marmstrongkg@howstuffworks.com,,As Sawdā,,5145550736
Irene,Perez,iperezkh@howstuffworks.com,,Shināş,,5145550737
Arthur,Grant,agrantki@virginia.edu,Teklist,Talisayan,,5145550738
Marilyn,Greene,mgreenekj@privacy.gov.au,,Ditang,,5145550739
Rose,Nguyen,rnguyenkk@xinhuanet.com,,Taiping,,5145550740
Phillip,Dean,pdeankl@nymag.com,,Maintirano,,5145550741
Bruce,Weaver,,,Tras Cerros,,5145550742
Joan,Carter,jcarterkn@newsvine.com,Avamm,Hongtang,,5145550743
Joan,Simpson,,,Balingcanaway,,5145550744
Patricia,Wood,pwoodkp@fc2.com,,Aizkraukle,,5145550745
Anthony,Moore,amoorekq@mac.com,,Ljungby,,5145550746
Lori,Weaver,,Jazzy,Lusacan,,5145550747
Sharon,Fox,,,Fasito‘outa,,5145550748
Annie,Howard,,Wordify,Sidaraja,,5145550749
Dennis,Montgomery,dmontgomeryku@wufoo.com,,Sundsvall,,5145550750
Jacqueline,Simmons,jsimmonskv@nationalgeographic.com,,Ocho Rios,,5145550751
George,Larson,glarsonkw@omniture.com,Photolist,Shangde,954 Almo Drive,5145550752
Gerald,Hamilton,ghamiltonkx@deliciousdays.com,Agivu,Pucangkrajan,,5145550753
Roger,Nguyen,,,Ferraria,61 Porter Place,5145550754
Bonnie,Lane,,,Velika Kladuša,,5145550755
Christine,Ross,crossl0@forbes.com,,Bun Barat,,5145550756
Todd,Ramos,tramosl1@mail.ru,,Kijini,87 Eagle Crest Parkway,5145550757
Earl,Smith,esmithl2@wsj.com,Meezzy,Deventer,,5145550758
Ruby,Bennett,rbennettl3@washington.edu,Plambee,Acharnés,,5145550759
Heather,Hansen,,,Krajan Suco,,5145550760
Jean,Harper,jharperl5@weather.com,,Papeete,,5145550761
Paul,Smith,psmithl6@eepurl.com,,Sanandaj,,5145550762
Jesse,Watkins,jwatkinsl7@aol.com,Quatz,Zhuxi,,5145550763
Carolyn,Nguyen,cnguyenl8@usnews.com,Rooxo,Dicun,32 Twin Pines Drive,5145550764
Mildred,Simmons,msimmonsl9@people.com.cn,,João Alfredo,,5145550765
Barbara,Burns,bburnsla@walmart.com,Oyoyo,Cateel,,5145550766
Aaron,Hawkins,ahawkinslb@google.de,Snaptags,Síkinos,,5145550767
Emily,Kennedy,ekennedylc@geocities.com,Gigabox,Vahdat,,5145550768
Anthony,Thomas,athomasld@virginia.edu,Yata,Mo I Rana,,5145550769
Raymond,Howard,rhowardle@miitbeian.gov.cn,,Rennes,32352 Golf Course Center,5145550770
Phyllis,Morrison,,Avamba,Mangero,,5145550771
Wanda,Palmer,wpalmerlg@linkedin.com,Rhyzio,Su-ngai Kolok,,5145550772
Mildred,Nguyen,mnguyenlh@shareasale.com,,Gelan,029 Esch Pass,5145550773
Lois,Wright,lwrightli@nba.com,Edgeify,Suizhong,,5145550774
Eugene,Meyer,,,Tiandeng,,5145550775
Victor,Moreno,vmorenolk@goo.ne.jp,,Tatsuno,,5145550776
Marie,Boyd,mboydll@admin.ch,Roodel,Baiguan,,5145550777
Deborah,Walker,dwalkerlm@bluehost.com,,Columbia,,5145550778
Shawn,Carpenter,,Voonder,Basse-Terre,,5145550779
Kathy,Alvarez,kalvarezlo@chicagotribune.com,,Polovinnoye,,5145550780
Nancy,Jenkins,njenkinslp@yelp.com,,Shibi,,5145550781
Jane,Hayes,jhayeslq@google.de,,Huaqiao,,5145550782
Louis,Patterson,lpattersonlr@ycombinator.com,,Baitian,,5145550783
Heather,Griffin,,,Neya,88963 Arapahoe Parkway,5145550784
Andrew,Harris,aharrislt@oaic.gov.au,,Randfontein,,5145550785
Barbara,Austin,baustinlu@howstuffworks.com,,Lefortovo,,5145550786
Raymond,Fuller,rfullerlv@newyorker.com,Kayveo,Longshan,,5145550787
Anna,Dunn,adunnlw@cdbaby.com,Dynava,Koski Tl,,5145550788
Kevin,Knight,kknightlx@indiegogo.com,,Kiên Lương,,5145550789
Douglas,Nelson,dnelsonly@time.com,Blogspan,Tieli,6 Cascade Crossing,5145550790
Joe,Medina,jmedinalz@walmart.com,Latz,Eséka,,5145550791
Brian,Austin,baustinm0@kickstarter.com,,Praga Północ,,5145550792
Mary,Shaw,mshawm1@shutterfly.com,,Kavarna,,5145550793
Kenneth,Long,klongm2@about.com,,Tbilisskaya,,5145550794
Willie,Harvey,wharveym3@paypal.com,,Chkalov,,5145550795
Sarah,Spencer,sspencerm4@fema.gov,,Gourcy,,5145550796
Ashley,Lee,aleem5@blinklist.com,,Jiakexi,,5145550797
Donald,Turner,dturnerm6@amazon.com,,Salinas,,5145550798
Janice,Gonzalez,jgonzalezm7@gizmodo.com,Pixonyx,Enhtal,5 3rd Parkway,5145550799
Irene,Simmons,isimmonsm8@ask.com,,Ertai,,5145550800
Janet,Reed,,Snaptags,Fazenda de Santa Cruz,,5145550801
Larry,Gordon,lgordonma@unesco.org,Twitterwire,Mbocayaty,,5145550802
Dorothy,Burns,dburnsmb@nytimes.com,,Gombong,,5145550803
Ashley,Kelley,akelleymc@microsoft.com,Tazzy,Baixi,,5145550804
Terry,Armstrong,tarmstrongmd@deviantart.com,Dabfeed,Cosne-Cours-sur-Loire,,5145550805
Matthew,Burton,mburtonme@yahoo.co.jp,Tavu,Wangzuizi,,5145550806
Benjamin,Lynch,blynchmf@youku.com,,El’brus,,5145550807
Ronald,Griffin,rgriffinmg@multiply.com,Myworks,Józefów,,5145550808
Lillian,Graham,lgrahammh@acquirethisname.com,,Maskinongé,,5145550809
Gerald,Cook,gcookmi@squidoo.com,,Xuguang,,5145550810
David,Lawson,dlawsonmj@sciencedaily.com,,Tân Việt,,5145550811
Anthony,Freeman,afreemanmk@soundcloud.com,Zoombeat,Dabat,,5145550812
Fred,Ward,fwardml@nsw.gov.au,Blogtags,Repki,,5145550813
Kevin,Simmons,ksimmonsmm@time.com,Skalith,Rokitno Szlacheckie,,5145550814
Sharon,Powell,spowellmn@parallels.com,,Loreto,,5145550815
Wanda,Wood,wwoodmo@list-manage.com,Thoughtbridge,Zinder,,5145550816
Dennis,Mendoza,dmendozamp@mlb.com,Jazzy,Luz de Tavira,51974 Hintze Parkway,5145550817
Betty,Graham,bgrahammq@sakura.ne.jp,Roombo,Serang,,5145550818
Larry,Jones,ljonesmr@dion.ne.jp,Twitterbridge,Melaka,,5145550819
Julie,Romero,jromeroms@devhub.com,,Parang,,5145550820
Martin,Knight,mknightmt@army.mil,,Rora Timur,,5145550821
Douglas,Rogers,drogersmu@boston.com,,Oetutulul,,5145550822
Steven,Ryan,sryanmv@msu.edu,Pixonyx,Kuantan,,5145550823
Catherine,Lewis,clewismw@purevolume.com,Zoombeat,Maiyema,98123 Fieldstone Road,5145550824
Angela,Ray,araymx@hugedomains.com,,Pantang,,5145550825
Douglas,Lawson,dlawsonmy@discovery.com,,Jingu,38062 Redwing Parkway,5145550826
Dennis,Hunter,dhuntermz@google.com.au,,Kahnūj,167 Schlimgen Lane,5145550827
Edward,Webb,ewebbn0@theguardian.com,,Loma Bonita,,5145550828
Martin,Hughes,mhughesn1@who.int,,Vila Chã do Monte,,5145550829
Henry,George,hgeorgen2@biglobe.ne.jp,,Paris 13,,5145550830
Anna,Lawrence,alawrencen3@reddit.com,,Kedungbang,,5145550831
Ralph,Gomez,rgomezn4@cornell.edu,Avavee,Lindome,,5145550832
Rose,Lewis,rlewisn5@admin.ch,Katz,Loanda,,5145550833
Sara,West,swestn6@samsung.com,Podcat,Santo Tomas,,5145550834
Diane,Ferguson,dfergusonn7@utexas.edu,,Shatki,,5145550835
Henry,Hunt,hhuntn8@domainmarket.com,Reallinks,That Phanom,,5145550836
Willie,Boyd,wboydn9@ning.com,Skinder,Mateus Leme,,5145550837
Deborah,Porter,dporterna@apple.com,Tagcat,Laju Kidul,,5145550838
Richard,Phillips,rphillipsnb@netscape.com,Dynabox,Caen,,5145550839
Aaron,Hart,ahartnc@irs.gov,,Nuga,,5145550840
Fred,Larson,flarsonnd@miitbeian.gov.cn,,Gatak,,5145550841
Judith,Diaz,jdiazne@ox.ac.uk,Jabbercube,Torbay,,5145550842
Judy,Lee,jleenf@aol.com,Twitterbeat,Khao Khitchakut,,5145550843
Alan,Campbell,acampbellng@digg.com,,Jianghai,,5145550844
Mildred,Wilson,mwilsonnh@printfriendly.com,Skyble,Dakhla,,5145550845
Paul,Rice,priceni@g.co,,Yola,,5145550846
Keith,Gutierrez,kgutierreznj@topsy.com,,Orerokpe,,5145550847
Todd,West,twestnk@springer.com,,Lille,,5145550848
Randy,Andrews,randrewsnl@nifty.com,,Mulawato,,5145550849
Brian,Grant,bgrantnm@blog.com,,Bojong,,5145550850
Marilyn,Porter,mporternn@webeden.co.uk,Voonder,Mirovka,,5145550851
Angela,Evans,aevansno@prnewswire.com,,Zhob,16602 1st Trail,5145550852
Lawrence,Spencer,lspencernp@senate.gov,Cogibox,Hexi,,5145550853
Alan,White,awhitenq@nymag.com,,Ras al-Khaimah,,5145550854
Ashley,White,awhitenr@fc2.com,,Dasanlian Lauk,,5145550855
Deborah,Perry,,,Rego de Água,,5145550856
Theresa,Stewart,tstewartnt@irs.gov,Fadeo,Nowy Sącz,,5145550857
Denise,Kelly,dkellynu@go.com,Wordpedia,Sidomekar,,5145550858
Paula,Lawson,plawsonnv@wisc.edu,,Bodø,,5145550859
Catherine,Ramos,cramosnw@drupal.org,Meezzy,Courtaboeuf,735 Carpenter Parkway,5145550860
Joyce,Payne,jpaynenx@jalbum.net,Dablist,Agenebode,,5145550861
Harold,Payne,,,Caetité,,5145550862
Carolyn,Foster,cfosternz@alibaba.com,Browsebug,Alepoú,,5145550863
Jimmy,Hunt,jhunto0@youtube.com,,Sandnes,,5145550864
Laura,Morrison,lmorrisono1@opensource.org,Demimbu,Grigiškės,,5145550865
Judith,Richardson,jrichardsono2@google.fr,Yodel,Lago da Pedra,,5145550866
David,Hart,dharto3@netscape.com,,Kotabaru,,5145550867
Clarence,Ford,cfordo4@yellowbook.com,Eimbee,Mtsensk,,5145550868
Scott,Oliver,,,Bacong,,5145550869
Lois,Young,lyoungo6@wunderground.com,Meedoo,Nesterov,,5145550870
Jerry,Dunn,jdunno7@goo.ne.jp,Yakijo,Ḩātim,,5145550871
Ann,Powell,apowello8@shinystat.com,,An Naşr,,5145550872
Richard,Sanders,,Leenti,Balogo,,5145550873
Margaret,Jordan,mjordanoa@stanford.edu,,Haoba,,5145550874
Gregory,Sullivan,gsullivanob@geocities.jp,,Hultsfred,,5145550875
Amy,Gordon,,,Gunungkendeng,,5145550876
Evelyn,Hall,,Yotz,Hope,,5145550877
Steven,Wells,swellsoe@ft.com,Avaveo,Seleuš,,5145550878
Roy,Kelley,rkelleyof@alibaba.com,,Mayrtup,,5145550879
Juan,Rogers,jrogersog@ask.com,,Sindangraja,,5145550880
Rachel,Perez,rperezoh@google.nl,Zoonder,Vale das Mós,583 Crest Line Trail,5145550881
Diane,Mason,dmasonoi@phpbb.com,Yozio,Phultala,,5145550882
Joyce,Hughes,jhughesoj@reuters.com,,Aitape,,5145550883
Johnny,Jordan,jjordanok@usnews.com,,Texistepeque,2 Ilene Drive,5145550884
Cheryl,Bowman,cbowmanol@ed.gov,Twiyo,Huantuo,,5145550885
Stephanie,Perkins,sperkinsom@nationalgeographic.com,Bluezoom,Rixi,,5145550886
Judy,Gibson,,Photojam,Akita Shi,,5145550887
Amanda,Gordon,agordonoo@cnbc.com,Aivee,Naili,,5145550888
Kenneth,Medina,kmedinaop@sogou.com,Eare,Masaraway,3 Coolidge Road,5145550889
Steven,Alvarez,salvarezoq@seesaa.net,,Kajan,,5145550890
Roy,Williams,rwilliamsor@engadget.com,,Xiadu,,5145550891
Samuel,Phillips,sphillipsos@gmpg.org,Oyope,Vreshtas,,5145550892
Susan,Montgomery,smontgomeryot@google.nl,,Mapou,,5145550893
Ruth,Ruiz,rruizou@cpanel.net,,Besançon,76786 Kipling Alley,5145550894
Anthony,Chavez,achavezov@hugedomains.com,,Laau,,5145550895
Juan,Walker,jwalkerow@independent.co.uk,,Temuji,96021 Iowa Road,5145550896
Timothy,Cox,tcoxox@constantcontact.com,,Alvalade,,5145550897
Anna,Knight,aknightoy@reverbnation.com,,Orzech,,5145550898
Daniel,Bradley,dbradleyoz@diigo.com,Meemm,Songgang,,5145550899
Amanda,Hansen,ahansenp0@nba.com,,Pietermaritzburg,,5145550900
Daniel,Williams,dwilliamsp1@spiegel.de,,Žulová,,5145550901
Julia,Campbell,,,Tanjungampalu,,5145550902
Christopher,Spencer,cspencerp3@yelp.com,Feedfire,Sindangsari,,5145550903
Gloria,Moreno,gmorenop4@mit.edu,Topiclounge,Cosmópolis,,5145550904
Jose,Rose,jrosep5@dailymail.co.uk,,Sankt Lorenzen im Mürztal,,5145550905
Terry,Hernandez,thernandezp6@imgur.com,,Shifan,,5145550906
Angela,Mendoza,,Fliptune,Hoorn,,5145550907
Diane,Matthews,dmatthewsp8@oakley.com,,Đoan Hùng,5830 Derek Drive,5145550908
Beverly,Carter,bcarterp9@cargocollective.com,,Juliaca,,5145550909
Frances,Alvarez,,,Älvängen,,5145550910
Frances,Mcdonald,fmcdonaldpb@latimes.com,,Pensacola,3805 Meadow Valley Crossing,5145550911
Johnny,Robinson,jrobinsonpc@ask.com,,Lethem,,5145550912
Kimberly,Wallace,kwallacepd@google.pl,Meembee,Kawm Umbū,,5145550913
Anthony,Jones,ajonespe@alexa.com,,Youssoufia,,5145550914
Christine,Walker,cwalkerpf@google.co.jp,,Bali,,5145550915
Steven,Banks,sbankspg@w3.org,Babbleblab,Colinas,,5145550916
Carlos,Thomas,cthomasph@parallels.com,,Qingyang,,5145550917
Frank,Diaz,,,Maulavi Bāzār,,5145550918
Patrick,Fowler,pfowlerpj@ft.com,,Tadotsu,,5145550919
Sean,Elliott,selliottpk@about.com,Centimia,Tembang,,5145550920
Katherine,Powell,kpowellpl@google.com.hk,,Chicago,,5145550921
Brian,Elliott,belliottpm@opensource.org,Photofeed,Samashki,0 Jenifer Point,5145550922
Judith,Lane,jlanepn@boston.com,,Ińsko,,5145550923
Norma,Hill,,,Rio das Ostras,,5145550924
Scott,Freeman,sfreemanpp@spotify.com,,Bemposta,,5145550925
Ronald,Reyes,rreyespq@last.fm,,Salamanca,452 Steensland Pass,5145550926
Joseph,Lynch,jlynchpr@senate.gov,Izio,Pagnag,,5145550927
Craig,Cruz,ccruzps@mayoclinic.com,,Maiwang,,5145550928
Virginia,Bowman,vbowmanpt@pbs.org,,Balyqshy,,5145550929
Ernest,Porter,eporterpu@wordpress.org,,Independencia,,5145550930
Anthony,Fisher,,Brainbox,Kachia,,5145550931
Lisa,Fowler,lfowlerpw@tamu.edu,Divanoodle,Wyszogród,,5145550932
Bruce,Jenkins,bjenkinspx@state.tx.us,,Yuanqiao,,5145550933
Kenneth,Ruiz,kruizpy@washington.edu,,Arenal,5844 Vahlen Trail,5145550934
Gary,Lynch,glynchpz@blog.com,Tagchat,Wilkowice,,5145550935
Eugene,Howell,ehowellq0@wikimedia.org,Feedfish,Nepomuceno,,5145550936
Anthony,Ray,arayq1@unesco.org,Youopia,Malasin,,5145550937
Terry,Robertson,trobertsonq2@opera.com,,Tabunok,,5145550938
Mary,Ross,mrossq3@purevolume.com,Jayo,Mikhaylovsk,,5145550939
Shirley,Stanley,sstanleyq4@house.gov,,Tangerang,,5145550940
Randy,Franklin,rfranklinq5@walmart.com,Digitube,Mizhuang,,5145550941
Kevin,Holmes,kholmesq6@springer.com,Einti,San Isidro,,5145550942
Martin,Flores,mfloresq7@springer.com,,Song’ao,,5145550943
Fred,Stephens,fstephensq8@prnewswire.com,,Braunschweig,,5145550944
Betty,Ford,bfordq9@ed.gov,Brainlounge,Lunik,46319 Florence Court,5145550945
Christine,Richardson,crichardsonqa@woothemes.com,,Sanlicheng,,5145550946
Jane,Moreno,jmorenoqb@springer.com,,Cikembang,,5145550947
Sandra,Crawford,scrawfordqc@gravatar.com,,Mateus Leme,,5145550948
Brian,Wright,bwrightqd@ezinearticles.com,,Great Neck,,5145550949
Michelle,Reyes,mreyesqe@smugmug.com,,Tangkil,,5145550950
Bonnie,Robertson,brobertsonqf@businessinsider.com,,Zemio,,5145550951
Charles,Tucker,ctuckerqg@seattletimes.com,,Baiyin,,5145550952
Karen,Harrison,kharrisonqh@guardian.co.uk,Wikibox,Gunajaya,,5145550953
Paul,Duncan,pduncanqi@i2i.jp,,Péruwelz,,5145550954
Tammy,Castillo,tcastilloqj@walmart.com,,Cogon,,5145550955
Steven,Sullivan,ssullivanqk@boston.com,Mydeo,Yug,,5145550956
Henry,Russell,hrussellql@yahoo.com,Topicblab,Dasuhe,,5145550957
Harry,Williamson,hwilliamsonqm@upenn.edu,Babbleset,Shimen,,5145550958
Rebecca,Riley,rrileyqn@ted.com,,Canguaretama,,5145550959
Chris,Ray,crayqo@yellowpages.com,Roombo,El Chol,,5145550960
Andrea,Rivera,ariveraqp@seesaa.net,Wikido,Amucao,,5145550961
Eric,Mendoza,emendozaqq@google.com.au,,Harding,,5145550962
Laura,Lopez,llopezqr@mac.com,,Dushi,,5145550963
Frances,Phillips,fphillipsqs@delicious.com,,Patos,,5145550964
Virginia,Ellis,vellisqt@stumbleupon.com,,Fernando de Noronha (Distrito Estadual),,5145550965
Mary,Willis,mwillisqu@va.gov,,Al ‘Udayn,,5145550966
Scott,Oliver,soliverqv@about.me,,Socabaya,,5145550967
Jonathan,Ferguson,jfergusonqw@ucoz.com,Feedfish,Tchamba,,5145550968
Teresa,Cole,tcoleqx@hao123.com,Yakijo,Shatalovo,,5145550969
Johnny,Holmes,jholmesqy@ox.ac.uk,Agivu,Little Rock,,5145550970
Anne,Mccoy,amccoyqz@wordpress.org,Vimbo,Ağdam,13 Talisman Circle,5145550971
Bonnie,Ward,,,Ochakovo-Matveyevskoye,,5145550972
William,Cooper,wcooperr1@google.com,Zava,General Emilio Aguinaldo,2 Towne Way,5145550973
Andrea,Castillo,acastillor2@cargocollective.com,,Geoktschai,,5145550974
Nancy,Freeman,nfreemanr3@360.cn,,Kaliro,08009 Roth Plaza,5145550975
Steve,Ruiz,,Talane,Toulouse,,5145550976
Raymond,Oliver,roliverr5@arizona.edu,Thoughtstorm,Yulin,,5145550977
Bobby,Snyder,bsnyderr6@barnesandnoble.com,,Ituiutaba,,5145550978
Patrick,Hamilton,phamiltonr7@wikipedia.org,,Kasempa,,5145550979
George,Warren,gwarrenr8@cbsnews.com,,Moerewa,,5145550980
Annie,Harris,aharrisr9@bandcamp.com,Devpoint,Pushkin,,5145550981
Justin,Phillips,jphillipsra@cnn.com,,Mohale’s Hoek,,5145550982
Lois,Fields,lfieldsrb@desdev.cn,Livepath,Kliteh,,5145550983
Emily,Davis,edavisrc@pcworld.com,,Homeyo,,5145550984
Mary,Ferguson,mfergusonrd@umich.edu,,Pondokrejo Wetan,,5145550985
Daniel,Elliott,delliottre@privacy.gov.au,,Pohbango,,5145550986
Frank,Robinson,,Divanoodle,Krajan C Wonorejo,,5145550987
Johnny,Fernandez,jfernandezrg@barnesandnoble.com,,Yuzhai,,5145550988
Antonio,Moreno,amorenorh@utexas.edu,Oodoo,Jönköping,,5145550989
Rebecca,Henderson,rhendersonri@blogger.com,Browsecat,Krajan Craken,,5145550990
Kelly,Harvey,kharveyrj@blogspot.com,,Bacong,,5145550991
Melissa,Mcdonald,,Divanoodle,Pancalan,,5145550992
Phillip,Peterson,ppetersonrl@dailymotion.com,Skaboo,Morelos,9915 Anniversary Road,5145550993
Kevin,Campbell,kcampbellrm@cpanel.net,Tekfly,Le Cannet,,5145550994
Keith,Ferguson,kfergusonrn@huffingtonpost.com,,Žrnovo,,5145550995
Janice,Thomas,jthomasro@huffingtonpost.com,,Viškovci,9885 Hermina Lane,5145550996
Rachel,Gonzales,rgonzalesrp@themeforest.net,,Doetinchem,,5145550997
Joyce,Matthews,jmatthewsrq@g.co,Buzzdog,Managua,75 Springs Parkway,5145550998
Patricia,Jenkins,pjenkinsrr@domainmarket.com,,Concordia,,5145550999
